{"cameraMode":{"drawMode":0,"name":"Shaded","section":"Shading Mode"},"sceneLighting":true,"audioPlay":false,"sceneViewState":{"showFog":true,"showMaterialUpdate":false,"showSkybox":true,"showFlares":true,"showImageEffects":true,"showParticleSystems":true},"in2DMode":false,"pivot":{"x":-11.255859375,"y":-463.2308349609375,"z":-175.4984130859375},"rotation":{"x":-0.08943945914506912,"y":0.9105142951011658,"z":-0.28046825528144839,"w":-0.29035714268684389},"size":1140.7955322265625,"orthographic":false}